{
  "name": "7plus-academy-crm",
  "version": "1.0.0",
  "description": "7+ Academy Student Management CRM",
  "scripts": {
    "dev": "next dev",
    "build": "next build",
    "start": "next start",
    "lint": "next lint"
  },
  "dependencies": {
    "next": "14.0.0",
    "react": "^18",
    "react-dom": "^18",
    "lucide-react": "^0.263.1"
  },
  "devDependencies": {
    "autoprefixer": "^10.0.1",
    "postcss": "^8",
    "tailwindcss": "^3.3.0"
  },
  "engines": {
    "node": ">=18.0.0"
  }
}
